01-04-2024,KAVYA DISTRIBUTORS,6160.00
01-04-2024,UDAY SURGIPHARMA(P),5600.00
02-04-2024,TOUCH SAFE SURGICAL,177.00
02-04-2024,PRANAV SURGICALS,874.00
03-04-2024,SWAMI ORTHO AIDS,8614.00
03-04-2024,VIVAN SURGICAL EXPORT & IMPORT (P),3696.00
04-04-2024,PARSHWA MEDICAL & SURGICAL (P),666.00
04-04-2024,PRANAV SURGICALS,741.00
04-04-2024,PRANAV ENTERPRISE,6608.00
04-04-2024,UDAY SURGIPHARMA(P),2912.00
04-04-2024,SUCHI INDUSTRIES LTD,7350.00
04-04-2024,SWAMI ORTHO AIDS,9744.00
05-04-2024,KAVYA DISTRIBUTORS,11760.00
05-04-2024,STOE LIFE PRIVATE LIMITED,11760.00
05-04-2024,TOUCH SAFE SURGICAL,8333.00
05-04-2024,SHAYONA INC.(INDIA),72085.00
05-04-2024,SHAYONA INC.(INDIA),14280.00
06-04-2024,ALPHA MEDICARE AND DEVICES PVT.LTD.,73091.00
06-04-2024,CRUZINE HEATHCARE PRIVATE LIMITED(P),0.00
08-04-2024,VISA INDUSTRIES,12544.00
08-04-2024,PRANAV ENTERPRISE,13216.00
08-04-2024,PRANAV SURGICALS,3920.00
08-04-2024,SHANTI MEDICARE(P),498.00
08-04-2024,KHUSHI MEDICAL AGENCY(P),234.00
09-04-2024,ORION SUTURES INDIA PRIVATE LIMITED,12394.00
09-04-2024,KAVYA DISTRIBUTORS,18816.00
10-04-2024,KAVYA DISTRIBUTORS,4838.00
10-04-2024,MITANSH SURGICAL (P),1369.00
11-04-2024,SAFILO HEALTHCARE,26880.00
12-04-2024,ALPHA MEDICARE AND DEVICES PVT.LTD.,20698.00
12-04-2024,ASTRID HEALTHCARE LLP,41350.00
12-04-2024,TOUCH SAFE SURGICAL,19992.00
13-04-2024,WEST INDIA LIFESCIENCE,1913.00
13-04-2024,HANSCURE LIFESCIENCE PVT LTD(P),2072.00
13-04-2024,TOUCH SAFE SURGICAL,8420.00
16-04-2024,SWAMI ORTHO AIDS,9744.00
16-04-2024,ASTRID HEALTHCARE LLP,15904.00
17-04-2024,ALPHA MEDICARE AND DEVICES PVT.LTD.,29420.00
17-04-2024,WEST INDIA LIFESCIENCE,3353.00
18-04-2024,KAVYA DISTRIBUTORS,5677.00
18-04-2024,PUROLIFE PHARMACEUTICALS,118541.00
18-04-2024,YAMUNA MEDITECH PVT.LTD,14224.00
18-04-2024,MITANSH SURGICAL (P),1702.00
19-04-2024,SHANTI MEDICARE(P),10466.00
20-04-2024,SIGMA SURGICAL,6160.00
22-04-2024,WEST INDIA LIFESCIENCE,1131.00
22-04-2024,SURAT SURGICAL (P),4919.00
22-04-2024,ALPHA MEDICARE AND DEVICES PVT.LTD.,50420.00
22-04-2024,ASTRID HEALTHCARE LLP,15680.00
23-04-2024,MITANSH SURGICAL (P),2878.00
23-04-2024,SWAMI ORTHO AIDS,29232.00
23-04-2024,PRACHI SURGICARE,11760.00
25-04-2024,ZYKEM HEALTHCARE PVT LTD,345139.00
25-04-2024,ALPHA MEDICARE AND DEVICES PVT.LTD.,44500.00
29-04-2024,KAVYA DISTRIBUTORS,9800.00
26-04-2024,WEST INDIA LIFESCIENCE,1677.00
26-04-2024,ASTRID HEALTHCARE LLP,9542.00
27-04-2024,MITANSH SURGICAL (P),1369.00
27-04-2024,TOUCH SAFE SURGICAL,3584.00
29-04-2024,HONEST SURGICAL & MEDICINES AGENCIES(PUR,9610.00
29-04-2024,WEST INDIA LIFESCIENCE,2828.00
01-05-2024,ALPHA MEDICARE AND DEVICES PVT.LTD.,37413.00
01-05-2024,HI-TECH SURGICAL & FITNESS,34220.00
01-05-2024,KAVYA DISTRIBUTORS,5796.00
01-05-2024,VISA INDUSTRIES,156800.00
03-05-2024,KAVYA DISTRIBUTORS,946.00
04-05-2024,ASTRID HEALTHCARE LLP,28627.00
04-05-2024,ASTRID HEALTHCARE LLP,15904.00
04-05-2024,BIO-TECH DISTRIBUTORS(P),5685.00
06-05-2024,WEST INDIA LIFESCIENCE,10346.00
06-05-2024,KAVYA DISTRIBUTORS,18816.00
06-05-2024,WEST INDIA LIFESCIENCE,2817.00
06-05-2024,JAY KHODIYAR HEALTCARE,163825.00
07-05-2024,JAY KHODIYAR HEALTCARE,250978.00
09-05-2024,SHEFALI SURGICALS,2050.00
09-05-2024,VASURA MEDICAL AGENCIES,4256.00
09-05-2024,PRANAV SURGICALS,6658.00
09-05-2024,WEST INDIA LIFESCIENCE,12544.00
10-05-2024,ALPHA MEDICARE AND DEVICES PVT.LTD.,20254.00
11-05-2024,UDAY SURGIPHARMA(P),1517.00
11-05-2024,ALPHA MEDICARE AND DEVICES PVT.LTD.,65251.00
13-05-2024,KAVYA DISTRIBUTORS,6798.00
13-05-2024,MITANSH SURGICAL (P),1369.00
15-05-2024,WEST INDIA LIFESCIENCE,5656.00
16-05-2024,CRUZINE HEATHCARE PRIVATE LIMITED(P),15210.00
20-05-2024,TOUCH SAFE SURGICAL,2601.00
20-05-2024,KAVYA DISTRIBUTORS,6608.00
20-05-2024,MITANSH SURGICAL (P),2296.00
20-05-2024,PRANAV SURGICALS,14551.00
20-05-2024,PRANAV ENTERPRISE,9677.00
20-05-2024,ALPHA MEDICARE AND DEVICES PVT.LTD.,10028.00
21-05-2024,ASTRID HEALTHCARE LLP,22266.00
21-05-2024,MAKSON HEALTHCARE,5488.00
22-05-2024,KAVYA DISTRIBUTORS,9800.00
24-05-2024,ALPHA MEDICARE AND DEVICES PVT.LTD.,23073.00
24-05-2024,MITANSH SURGICAL (P),851.00
25-05-2024,MAA CHANDRA PHARMA(P),2996.00
25-05-2024,PRANAV SURGICALS,5040.00
25-05-2024,PRACHI SURGICARE,7252.00
25-05-2024,WEST INDIA LIFESCIENCE,6429.00
25-05-2024,WEST INDIA LIFESCIENCE,14577.00
27-05-2024,ASTRID HEALTHCARE LLP,15904.00
27-05-2024,KAVYA DISTRIBUTORS,17010.00
27-05-2024,WEST INDIA LIFESCIENCE,9088.00
28-05-2024,MITANSH SURGICAL (P),4256.00
28-05-2024,ALPHA MEDICARE AND DEVICES PVT.LTD.,28380.00
28-05-2024,ALPHA MEDICARE AND DEVICES PVT.LTD.,45075.00
28-05-2024,PRANAV ENTERPRISE,36534.00
29-05-2024,PRANAV SURGICALS,20499.00
29-05-2024,MITANSH SURGICAL (P),1369.00
29-05-2024,KAPOOR MEDICAL SOLUTION,30643.00
29-05-2024,PRANAV ENTERPRISE,6608.00
29-05-2024,ZEAL PHARMACEUTICALS DISTRIBUTORS,10976.00
31-05-2024,WEST INDIA LIFESCIENCE,20842.00
31-05-2024,REVIVE ENTERPRISE,14314.00
31-05-2024,MITANSH SURGICAL (P),9419.00
01-06-2024,FUSION DISTRIBUTORS(P),18036.00
01-06-2024,SWAMI ORTHO AIDS,75520.00
01-06-2024,ALPHA MEDICARE AND DEVICES PVT.LTD.,52882.00
01-06-2024,MAA CHANDRA PHARMA(P),506.00
04-06-2024,KAVYA DISTRIBUTORS,2164.00
05-06-2024,DIAGNO PHARMA(P),2257.00
06-06-2024,MITANSH SURGICAL (P),1439.00
07-06-2024,ASTRID HEALTHCARE LLP,25357.00
08-06-2024,SWISS MEDICAL STORES(P),2654.00
08-06-2024,MAA CHANDRA PHARMA(P),560.00
08-06-2024,INJECTION DEPO(P),269.00
08-06-2024,MITANSH SURGICAL (P),1369.00
08-06-2024,P D PHARMA(P),1834.00
11-06-2024,KESHAV DISTRIBUTOR,5488.00
11-06-2024,ALPHA MEDICARE AND DEVICES PVT.LTD.,33425.00
11-06-2024,KAVYA DISTRIBUTORS,511.00
12-06-2024,GALAXY MEDICO (NEW) P,3584.00
12-06-2024,TOUCH SAFE SURGICAL,2934.00
12-06-2024,ALPHA MEDICARE AND DEVICES PVT.LTD.,29736.00
13-06-2024,KESHAV DISTRIBUTOR,10976.00
13-06-2024,PRANAV SURGICALS,7840.00
15-06-2024,TOUCH SAFE SURGICAL,105000.00
15-06-2024,KAVYA DISTRIBUTORS,3920.00
15-06-2024,PROMEA THERAPEUTICS PRIVATE LIMITED,667008.00
18-06-2024,STAR INDIA TRADING,9975.00
18-06-2024,ASTRID HEALTHCARE LLP,50892.00
18-06-2024,P D PHARMA(P),1165.00
18-06-2024,PRANAV ENTERPRISE,5796.00
19-06-2024,TOUCH SAFE SURGICAL,36750.00
20-06-2024,BIOSURGE HEALTHCARE INDIA PVT.LTD,6272.00
20-06-2024,BIOSURGE HEALTHCARE INDIA PVT.LTD,12544.00
21-06-2024,MOREPEN LABORATORIES LIMITED,227662.00
21-06-2024,PRANAV ENTERPRISE,6608.00
22-06-2024,TOUCH SAFE SURGICAL,678.00
22-06-2024,PRACHI SURGICARE,11760.00
22-06-2024,GALAXY MEDICO (NEW) P,44800.00
22-06-2024,MAA CHANDRA PHARMA(P),530.00
22-06-2024,MAA CHANDRA PHARMA(P),1568.00
22-06-2024,SWISS MEDICAL STORES(P),1328.00
22-06-2024,ALPHA MEDICARE AND DEVICES PVT.LTD.,44500.00
24-06-2024,P D PHARMA(P),1129.00
24-06-2024,KAVYA DISTRIBUTORS,7818.00
24-06-2024,FUSION DISTRIBUTORS(P),18332.00
26-06-2024,ALPHA MEDICARE AND DEVICES PVT.LTD.,19480.00
26-06-2024,BIOSURGE HEALTHCARE INDIA PVT.LTD,12544.00
26-06-2024,PRACHI SURGICARE,14322.00
26-06-2024,WEST INDIA LIFESCIENCE,5198.00
27-06-2024,REVIVE ENTERPRISE,11451.00
27-06-2024,SOLLAR BIO LFE,2268.00
27-06-2024,KAVYA DISTRIBUTORS,4525.00
28-06-2024,ASTRID HEALTHCARE LLP,16240.00
29-06-2024,TOUCH SAFE SURGICAL,1467.00
29-06-2024,UDAY SURGIPHARMA(P),1801.00
29-06-2024,SHAYONA INC.(INDIA),111888.00
02-07-2024,MOREPEN LABORATORIES LIMITED,211008.00
03-07-2024,ASTRID HEALTHCARE LLP,16016.00
03-07-2024,BIO-TECH DISTRIBUTORS(P),5685.00
03-07-2024,HONEST SURGICAL & MEDICINES AGENCIES(PUR,756.00
03-07-2024,KAVYA DISTRIBUTORS,9716.00
06-07-2024,ALPHA MEDICARE AND DEVICES PVT.LTD.,38534.00
06-07-2024,PRANAV SURGICALS,4211.00
06-07-2024,PRANAV ENTERPRISE,4838.00
06-07-2024,MOREPEN LABORATORIES LIMITED,66770.00
06-07-2024,ZYKEM HEALTHCARE PVT LTD,337075.00
04-07-2024,PROMEA THERAPEUTICS PRIVATE LIMITED,1021895.00
09-07-2024,ALPHA MEDICARE AND DEVICES PVT.LTD.,73812.00
09-07-2024,MITANSH SURGICAL (P),1369.00
09-07-2024,UNITY DISTRIBUTORS,9072.00
10-07-2024,ASTRID HEALTHCARE LLP,80640.00
11-07-2024,PRANAV SURGICALS,7803.00
11-07-2024,TOUCH SAFE SURGICAL,1792.00
11-07-2024,REVIVE ENTERPRISE,8467.00
12-07-2024,PROMEA THERAPEUTICS PRIVATE LIMITED,631093.00
13-07-2024,ALPHA MEDICARE AND DEVICES PVT.LTD.,19613.00
13-07-2024,CURE LIFESCIENCES,81200.00
16-07-2024,REALCADE LIFESCIENCE PVT LTD,456691.00
17-07-2024,KAVYA DISTRIBUTORS,605.00
17-07-2024,CONSCIENCE MEDICO(P),3276.00
17-07-2024,PRANAV SURGICALS,16598.00
17-07-2024,PRANAV ENTERPRISE,9677.00
17-07-2024,REALCADE LIFESCIENCE PVT LTD,148109.00
18-07-2024,SHEFALI SURGICALS,2050.00
18-07-2024,MITANSH SURGICAL (P),281.00
18-07-2024,ALPHA MEDICARE AND DEVICES PVT.LTD.,58840.00
18-07-2024,MOREPEN LABORATORIES LIMITED,593546.00
18-07-2024,HADRIANA PRIVATE LIMITED,33488.00
19-07-2024,PRANAV SURGICALS,19106.00
19-07-2024,KAVYA DISTRIBUTORS,3920.00
19-07-2024,TOONBRANDS SOLTUIONS PVT LTD,165156.00
19-07-2024,TOONBRANDS SOLTUIONS PVT LTD,6542.00
19-07-2024,KAVYA DISTRIBUTORS,851.00
19-07-2024,MAA CHANDRA PHARMA(P),941.00
20-07-2024,KAVYA DISTRIBUTORS,6608.00
22-07-2024,MITANSH SURGICAL (P),1369.00
22-07-2024,ASTRID HEALTHCARE LLP,38707.00
22-07-2024,TECHNOCARE MEDISYSTEMS,16800.00
23-07-2024,FUSION DISTRIBUTORS(P),9166.00
23-07-2024,KAVYA DISTRIBUTORS,3920.00
23-07-2024,MITANSH SURGICAL (P),5037.00
24-07-2024,WEST INDIA LIFESCIENCE,5656.00
24-07-2024,ALPHA MEDICARE AND DEVICES PVT.LTD.,39200.00
25-07-2024,MAA CHANDRA PHARMA(P),538.00
25-07-2024,MAA CHANDRA PHARMA(P),3920.00
25-07-2024,KAVYA DISTRIBUTORS,28350.00
26-07-2024,ASTRID HEALTHCARE LLP,42011.00
26-07-2024,MITANSH SURGICAL (P),3422.00
26-07-2024,ALPHA MEDICARE AND DEVICES PVT.LTD.,99716.00
29-07-2024,SHEFALI SURGICALS,2050.00
29-07-2024,VASURA MEDICAL AGENCIES,4256.00
29-07-2024,WEST INDIA LIFESCIENCE,12544.00
29-07-2024,MOREPEN LABORATORIES LIMITED,90.00
29-07-2024,PRANAV ENTERPRISE,4838.00
29-07-2025,MOREPEN LABORATORIES LIMITED,403200.00
30-07-2024,FUSION DISTRIBUTORS(P),9166.00
30-07-2024,PRANAV SURGICALS,8172.00
30-07-2024,PRANAV ENTERPRISE,11592.00
30-07-2024,KAVYA DISTRIBUTORS,6608.00
30-07-2024,REVIVE ENTERPRISE,15671.00
30-07-2024,KAPOOR MEDICAL SOLUTION,22982.00
01-08-2024,KAVYA DISTRIBUTORS,7840.00
01-08-2024,STOE LIFE PRIVATE LIMITED,5012.00
01-08-2024,ASTRID HEALTHCARE LLP,19354.00
02-08-2024,BIO-TECH DISTRIBUTORS(P),5685.00
02-08-2024,ASTRID HEALTHCARE LLP,22579.00
02-08-2024,KESHAV DISTRIBUTOR,958.00
02-08-2024,ORANGE MEDICARE,10114.00
02-08-2024,MOREPEN LABORATORIES LIMITED,19600.00
03-08-2024,SWAMI ORTHO AIDS,75520.00
03-08-2024,KAVYA DISTRIBUTORS,605.00
03-08-2024,SWISS MEDICAL STORES(P),3097.00
05-08-2024,MITANSH SURGICAL (P),3353.00
05-08-2024,TOUCH SAFE SURGICAL,1234.00
05-08-2024,PRANAV SURGICALS,10151.00
05-08-2024,KRISHNA SURGICAL (VADODARA),3287.00
05-08-2024,MOREPEN LABORATORIES LIMITED,403200.00
05-08-2024,TVISHA SURGICAL(P MAHUVA),9865.00
06-08-2024,SOLLAR BIO LFE,77000.00
07-08-2024,ALPHA MEDICARE AND DEVICES PVT.LTD.,86977.00
07-08-2024,HI-TECH PHARMA,14650.00
07-08-2024,HADRIANA PRIVATE LIMITED,41860.00
07-08-2024,PRANAV ENTERPRISE,11446.00
07-08-2024,MOREPEN LABORATORIES LIMITED,19600.00
08-08-2024,PRANAV ENTERPRISE,22893.00
08-08-2024,PRANAV SURGICALS,28123.00
08-08-2024,ALPHA MEDICARE AND DEVICES PVT.LTD.,49428.00
09-08-2024,FUSION DISTRIBUTORS(P),9166.00
09-08-2024,STOE LIFE PRIVATE LIMITED,10024.00
09-08-2024,ALPHA MEDICARE AND DEVICES PVT.LTD.,9905.00
09-08-2024,ASTRID HEALTHCARE LLP,12902.00
10-08-2024,ASTRID HEALTHCARE LLP,42482.00
10-08-2024,PRANAV ENTERPRISE,1652.00
12-08-2024,TOONBRANDS SOLTUIONS PVT LTD,81200.00
12-08-2024,TOUCH SAFE SURGICAL,7875.00
12-08-2024,TOUCH SAFE SURGICAL,808.00
13-08-2024,MOREPEN LABORATORIES LIMITED,59360.00
13-08-2024,SHAYONA INC.(INDIA),14280.00
13-08-2024,PROMEA THERAPEUTICS PRIVATE LIMITED,301445.00
15-08-2024,ASTRID HEALTHCARE LLP,9677.00
15-08-2024,KAVYA DISTRIBUTORS,6608.00
15-08-2024,PRANAV SURGICALS,6469.00
16-08-2024,TOONBRANDS SOLTUIONS PVT LTD,162400.00
17-08-2024,TOONBRANDS SOLTUIONS PVT LTD,64960.00
17-08-2024,MOREPEN LABORATORIES LIMITED,59360.00
17-08-2024,MOREPEN LABORATORIES LIMITED,39200.00
20-08-2024,SHEFALI SURGICALS,4100.00
20-08-2024,MOREPEN LABORATORIES LIMITED,47152.00
17-08-2024,ALPHA MEDICARE AND DEVICES PVT.LTD.,50380.00
20-08-2024,MOREPEN LABORATORIES LIMITED,39200.00
20-08-2024,HADRIANA PRIVATE LIMITED,2464.00
20-08-2024,HADRIANA PRIVATE LIMITED,10752.00
20-08-2024,SOLLAR BIO LFE,50512.00
20-08-2024,HONEST SURGICAL & MEDICINES AGENCIES(PUR,1467.00
20-08-2024,VASURA MEDICAL AGENCIES,2128.00
20-08-2024,PRANAV SURGICALS,23520.00
20-08-2024,RIBBEL INERNATIONAL LTD.,21970.00
28-08-2024,ALPHA MEDICARE AND DEVICES PVT.LTD.,4879.00
21-08-2024,PRANAV SURGICALS,20780.00
22-08-2024,ALPHA MEDICARE AND DEVICES PVT.LTD.,97641.00
22-08-2024,TOONBRANDS SOLTUIONS PVT LTD,81200.00
22-08-2024,ASTRID HEALTHCARE LLP,12902.00
24-08-2024,TOUCH SAFE SURGICAL,672.00
24-08-2024,MOREPEN LABORATORIES LIMITED,356160.00
24-08-2024,MITANSH SURGICAL (P),2738.00
24-08-2024,KAVYA DISTRIBUTORS,5796.00
24-08-2024,TOONBRANDS SOLTUIONS PVT LTD,48720.00
27-08-2024,SUN SURGICAL(P),3363.00
27-08-2024,REVIVE ENTERPRISE,4247.00
27-08-2024,VASURA MEDICAL AGENCIES,2128.00
27-08-2024,HI-TECH PHARMA,18816.00
28-08-2024,TOONBRANDS SOLTUIONS PVT LTD,31495.00
28-08-2024,TOONBRANDS SOLTUIONS PVT LTD,162400.00
28-08-2024,KESHAV DISTRIBUTOR,4536.00
28-08-2024,MOREPEN LABORATORIES LIMITED,117600.00
28-08-2024,MOREPEN LABORATORIES LIMITED,19600.00
28-08-2024,TOUCH SAFE SURGICAL,1075.00
29-08-2024,TOUCH SAFE SURGICAL,678.00
29-08-2024,MOREPEN LABORATORIES LIMITED,240800.00
30-08-2024,A . R . MEDICO(P),1848.00
02-09-2024,WEST INDIA LIFESCIENCE,1677.00
31-08-2024,ALPHA MEDICARE AND DEVICES PVT.LTD.,77806.00
31-08-2024,YAMUNA MEDITECH PVT.LTD,14224.00
31-08-2024,TOUCH SAFE SURGICAL,1527.00
02-09-2024,TOONBRANDS SOLTUIONS PVT LTD,276080.00
02-09-2024,TOUCH SAFE SURGICAL,717.00
02-09-2024,SHAYONA INC.(INDIA),0.00
03-09-2024,ASTRID HEALTHCARE LLP,40596.00
03-09-2024,HADRIANA PRIVATE LIMITED,108075.00
04-09-2024,P D PHARMA(P),1792.00
05-09-2024,HADRIANA PRIVATE LIMITED,34527.00
05-09-2024,STOE LIFE PRIVATE LIMITED,21414.00
05-09-2024,MAA CHANDRA PHARMA(P),25200.00
05-09-2024,KAVYA DISTRIBUTORS,1652.00
05-09-2024,PRANAV ENTERPRISE,3304.00
07-09-2024,WEST INDIA LIFESCIENCE,12544.00
09-09-2024,ALPHA MEDICARE AND DEVICES PVT.LTD.,55097.00
09-09-2024,KAVYA DISTRIBUTORS,4838.00
09-09-2024,KAVYA DISTRIBUTORS,13216.00
09-09-2024,TOUCH SAFE SURGICAL,717.00
09-09-2024,VASURA MEDICAL AGENCIES,1708.00
10-09-2024,P D PHARMA(P),1176.00
10-09-2024,HADRIANA PRIVATE LIMITED,8197.00
10-09-2024,ASTRID HEALTHCARE LLP,3776.00
11-09-2024,TOONBRANDS SOLTUIONS PVT LTD,16240.00
11-09-2024,PROMEA THERAPEUTICS PRIVATE LIMITED,287381.00
12-09-2024,TOUCH SAFE SURGICAL,18792.00
12-09-2024,TOONBRANDS SOLTUIONS PVT LTD,41350.00
12-09-2024,TOONBRANDS SOLTUIONS PVT LTD,61376.00
12-09-2024,ASTRID HEALTHCARE LLP,32413.00
13-09-2024,ECOgreen ENVIRO SERVICES,3136.00
13-09-2024,ALPHA MEDICARE AND DEVICES PVT.LTD.,44500.00
13-09-2024,SHREE HARI MEDICAL AGENCY(DAVA BAZAR),773.00
14-09-2024,ALPHA MEDICARE AND DEVICES PVT.LTD.,47678.00
14-09-2024,VASURA MEDICAL AGENCIES,482.00
16-09-2024,ASTRID HEALTHCARE LLP,19354.00
16-09-2024,TOONBRANDS SOLTUIONS PVT LTD,112560.00
18-09-2024,PRANAV SURGICALS,10151.00
18-09-2024,PRANAV ENTERPRISE,5796.00
18-09-2024,KAVYA DISTRIBUTORS,1064.00
18-09-2024,PRANAV ENTERPRISE,6608.00
18-09-2024,MITANSH SURGICAL (P),4106.00
18-09-2024,STOE LIFE PRIVATE LIMITED,5527.00
19-09-2024,ZYKEM HEALTHCARE PVT LTD,387072.00
19-09-2024,PROMEA THERAPEUTICS PRIVATE LIMITED,754014.00
20-09-2024,TOONBRANDS SOLTUIONS PVT LTD,59013.00
20-09-2024,CURE LIFESCIENCES,2464.00
20-09-2024,CLADVIQ PHARMACEUTICALS PRIVATE LIMITED,20052.00
21-09-2024,FUSION DISTRIBUTORS(P),9166.00
21-09-2024,HADRIANA PRIVATE LIMITED,29287.00
21-09-2024,STOE LIFE PRIVATE LIMITED,1176000.00
21-09-2024,CURE LIFESCIENCES,42336.00
21-09-2024,SWISS MEDICAL STORES(P),885.00
23-09-2024,ASTRID HEALTHCARE LLP,1.00
23-09-2024,RIBBEL INERNATIONAL LTD.,15876.00
23-09-2024,TOONBRANDS SOLTUIONS PVT LTD,81200.00
23-09-2024,TOUCH SAFE SURGICAL,1434.00
24-09-2024,ALPHA MEDICARE AND DEVICES PVT.LTD.,58234.00
24-09-2024,P D PHARMA(P),588.00
24-09-2024,VISA INDUSTRIES,197120.00
24-09-2024,HADRIANA PRIVATE LIMITED,10752.00
24-09-2024,MAA CHANDRA PHARMA(P),1747.00
24-09-2024,SWAMI ORTHO AIDS,12992.00
25-09-2024,TOUCH SAFE SURGICAL,672.00
25-09-2024,MAA CHANDRA PHARMA(P),8781.00
25-09-2024,HADRIANA PRIVATE LIMITED,16744.00
27-09-2024,MOREPEN LABORATORIES LIMITED,197120.00
27-09-2024,P D PHARMA(P),1176.00
28-09-2024,REVIVE ENTERPRISE,11451.00
30-09-2024,PRANAV SURGICALS,266.00
30-09-2024,SOLLAR BIO LFE,2206.00
30-09-2024,PRANAV ENTERPRISE,2436.00
30-09-2024,MOREPEN LABORATORIES LIMITED,310227.00
01-10-2024,TOUCH SAFE SURGICAL,1071.00
01-10-2024,TOUCH SAFE SURGICAL,316.00
26-09-2024,HADRIANA PRIVATE LIMITED,24449.00
01-10-2024,PRANAV ENTERPRISE,5796.00
01-10-2024,PARSHWA MEDICAL & SURGICAL (P),108.00
01-10-2024,ALPHA MEDICARE AND DEVICES PVT.LTD.,58088.00
02-10-2024,UDAY SURGIPHARMA(P),4435.00
02-10-2024,PRANAV SURGICALS,1960.00
02-10-2024,PRANAV ENTERPRISE,6608.00
03-10-2024,ASTRID HEALTHCARE LLP,16464.00
04-10-2024,TOUCH SAFE SURGICAL,1075.00
04-10-2024,WEST INDIA LIFESCIENCE,14802.00
04-10-2024,STOE LIFE PRIVATE LIMITED,11054.00
05-10-2024,HADRIANA PRIVATE LIMITED,19348.00
05-10-2024,ALPHA MEDICARE AND DEVICES PVT.LTD.,32193.00
07-10-2024,TOONBRANDS SOLTUIONS PVT LTD,34048.00
08-10-2024,ALPHA MEDICARE AND DEVICES PVT.LTD.,20698.00
08-10-2024,TOONBRANDS SOLTUIONS PVT LTD,35550.00
09-10-2024,CURE LIFESCIENCES,39060.00
10-10-2024,MAA CHANDRA PHARMA(P),1165.00
10-10-2024,HADRIANA PRIVATE LIMITED,18152.00
10-10-2024,MITANSH SURGICAL (P),720.00
10-10-2024,PRANAV ENTERPRISE,47981.00
10-10-2024,PRANAV SURGICALS,38831.00
10-10-2024,ALPHA MEDICARE AND DEVICES PVT.LTD.,62300.00
10-10-2024,WEST INDIA LIFESCIENCE,20579.00
11-10-2024,SWAMI ORTHO AIDS,12992.00
12-10-2024,TOUCH SAFE SURGICAL,1847.00
12-10-2024,PRANAV SURGICALS,3804.00
14-10-2024,TOONBRANDS SOLTUIONS PVT LTD,57900.00
14-10-2024,PRANAV SURGICALS,9959.00
14-10-2024,LORD KRISHNA GLOBAL SOURCING PRIVATE LTD,142025.00
15-10-2024,PRANAV SURGICALS,23780.00
16-10-2024,PRANAV SURGICALS,750.00
16-10-2024,ALPHA MEDICARE AND DEVICES PVT.LTD.,62300.00
16-10-2024,STOE LIFE PRIVATE LIMITED,10444.00
16-10-2024,HADRIANA PRIVATE LIMITED,3629.00
16-10-2024,PROMEA THERAPEUTICS PRIVATE LIMITED,652530.00
17-10-2024,ASTRID HEALTHCARE LLP,8400.00
17-10-2024,ALPHA MEDICARE AND DEVICES PVT.LTD.,12544.00
18-10-2024,ALPHA MEDICARE AND DEVICES PVT.LTD.,26770.00
18-10-2024,MITANSH SURGICAL (P),2878.00
19-10-2024,WEST INDIA LIFESCIENCE,7409.00
19-10-2024,MAA CHANDRA PHARMA(P),2352.00
19-10-2024,SWISS MEDICAL STORES(P),1770.00
19-10-2024,HADRIANA PRIVATE LIMITED,8372.00
21-10-2024,ALPHA MEDICARE AND DEVICES PVT.LTD.,19613.00
21-10-2024,TOUCH SAFE SURGICAL,339.00
21-10-2024,SURAT SURGICAL (P),150.00
22-10-2024,KAVYA DISTRIBUTORS,6608.00
22-10-2024,FUSION DISTRIBUTORS(P),5477.00
23-10-2024,ASTRID HEALTHCARE LLP,50400.00
23-10-2024,TOUCH SAFE SURGICAL,1792.00
23-10-2024,ASTRID HEALTHCARE LLP,8400.00
23-10-2024,ALPHA MEDICARE AND DEVICES PVT.LTD.,44500.00
24-10-2024,TOUCH SAFE SURGICAL,6608.00
25-10-2024,FUSION DISTRIBUTORS(P),6476.00
25-10-2024,TOONBRANDS SOLTUIONS PVT LTD,25536.00
25-10-2024,HADRIANA PRIVATE LIMITED,10906.00
25-10-2024,HADRIANA PRIVATE LIMITED,1672.00
26-10-2024,KARE SURGICAL(P),14306.00
26-10-2024,PATEL PHARMA(P),2146.00
26-10-2024,KAVYA DISTRIBUTORS,6893.00
26-10-2024,ASTRID HEALTHCARE LLP,2.00
26-10-2024,HADRIANA PRIVATE LIMITED,2884.00
28-10-2024,KAPOOR MEDICAL SOLUTION,75936.00
28-10-2024,TOONBRANDS SOLTUIONS PVT LTD,170240.00
28-10-2024,HADRIANA PRIVATE LIMITED,3842.00
28-10-2024,DARSHAN TRADERS(P),2303.00
28-10-2024,MAA CHANDRA PHARMA(P),13189.00
28-10-2024,MITANSH SURGICAL (P),551.00
28-10-2024,SWISS MEDICAL STORES(P),3494.00
29-10-2024,FUSION DISTRIBUTORS(P),10510.00
29-10-2024,PROMEA THERAPEUTICS PRIVATE LIMITED,728894.00
30-10-2024,ALPHA MEDICARE AND DEVICES PVT.LTD.,44745.00
30-10-2024,TOUCH SAFE SURGICAL,1344.00
30-10-2024,HADRIANA PRIVATE LIMITED,12655.00
30-10-2024,SOLLAR BIO LFE,168.00
31-10-2024,PRANAV ENTERPRISE,4838.00
31-10-2024,FUSION DISTRIBUTORS(P),8860.00
08-11-2024,TOONBRANDS SOLTUIONS PVT LTD,85120.00
09-11-2024,SHREE HARI SURGICAL(P),7542.00
09-11-2024,FUSION DISTRIBUTORS(P),5994.00
11-11-2024,BIO-TECH DISTRIBUTORS(P),11370.00
11-11-2024,TOONBRANDS SOLTUIONS PVT LTD,34048.00
12-11-2024,PRANAV SURGICALS,17364.00
12-11-2024,PRANAV SURGICALS,5880.00
14-11-2024,TOUCH SAFE SURGICAL,1792.00
14-11-2024,MAA CHANDRA PHARMA(P),1165.00
14-11-2024,UMA AGENCY(P),7056.00
15-11-2024,TOONBRANDS SOLTUIONS PVT LTD,42560.00
15-11-2024,TOONBRANDS SOLTUIONS PVT LTD,51072.00
16-11-2024,TOONBRANDS SOLTUIONS PVT LTD,34048.00
16-11-2024,PROMEA THERAPEUTICS PRIVATE LIMITED,81766.00
16-11-2024,PROMEA THERAPEUTICS PRIVATE LIMITED,247342.00
18-11-2024,MITANSH SURGICAL (P),9274.00
18-11-2024,STOE LIFE PRIVATE LIMITED,10427.00
18-11-2024,ALPHA MEDICARE AND DEVICES PVT.LTD.,67464.00
18-11-2024,UMA AGENCY(P),2120.00
19-11-2024,TOONBRANDS SOLTUIONS PVT LTD,170240.00
20-11-2024,HADRIANA PRIVATE LIMITED,2604.00
20-11-2024,SWISS MEDICAL STORES(P),4368.00
21-11-2024,TOONBRANDS SOLTUIONS PVT LTD,170240.00
21-11-2024,PRANAV SURGICALS,32878.00
21-11-2024,ASTRID HEALTHCARE LLP,13440.00
21-11-2024,CURE LIFESCIENCES,2174.00
22-11-2024,HADRIANA PRIVATE LIMITED,10046.00
22-11-2024,ALPHA MEDICARE AND DEVICES PVT.LTD.,108580.00
22-11-2024,CURE LIFESCIENCES,9324.00
22-11-2024,ANS PHARMA,6828.00
25-11-2024,ORANGE MEDICARE,1183.00
25-11-2024,REVIVE ENTERPRISE,24165.00
26-11-2024,YAMUNA MEDITECH PVT.LTD,14224.00
26-11-2024,HELTHRENZ GLOBAL LLP,7252.00
26-11-2024,WEST INDIA LIFESCIENCE,6774.00
26-11-2024,SHANTI MEDICARE(P),4187.00
26-11-2024,HADRIANA PRIVATE LIMITED,4325.00
28-11-2024,HADRIANA PRIVATE LIMITED,2800.00
28-11-2024,CLADVIQ PHARMACEUTICALS PRIVATE LIMITED,43574.00
28-11-2024,ASTRID HEALTHCARE LLP,102660.00
29-11-2024,PROMEA THERAPEUTICS PRIVATE LIMITED,223602.00
29-11-2024,PROMEA THERAPEUTICS PRIVATE LIMITED,174476.00
30-11-2024,MAA CHANDRA PHARMA(P),1568.00
30-11-2024,UMA AGENCY(P),621.00
02-12-2024,UMA AGENCY(P),621.00
02-12-2024,ISCON SURGICALS LIMITED (P),4687.00
03-12-2024,ALPHA MEDICARE AND DEVICES PVT.LTD.,62300.00
03-12-2024,FUSION DISTRIBUTORS(P),30643.00
05-12-2024,STOE LIFE PRIVATE LIMITED,5527.00
05-12-2024,TOONBRANDS SOLTUIONS PVT LTD,42560.00
05-12-2024,CLADVIQ PHARMACEUTICALS PRIVATE LIMITED,5484.00
05-12-2024,ASTRID HEALTHCARE LLP,218760.00
06-12-2024,ALPHA MEDICARE AND DEVICES PVT.LTD.,29540.00
06-12-2024,TOONBRANDS SOLTUIONS PVT LTD,34048.00
07-12-2024,SWISS MEDICAL STORES(P),2184.00
09-12-2024,ZYKEM HEALTHCARE PVT LTD,70964.00
09-12-2024,TOONBRANDS SOLTUIONS PVT LTD,85120.00
10-12-2024,ASTRID HEALTHCARE LLP,13440.00
11-12-2024,RIBBEL INERNATIONAL LTD.,31752.00
11-12-2024,KAPOOR MEDICAL SOLUTION,37968.00
11-12-2024,ASTRID HEALTHCARE LLP,171100.00
11-12-2024,HADRIANA PRIVATE LIMITED,59571.00
12-12-2024,PRANAV ENTERPRISE,13216.00
13-12-2024,TOONBRANDS SOLTUIONS PVT LTD,43252.00
13-12-2024,TOUCH SAFE SURGICAL,848.00
13-12-2024,PROMEA THERAPEUTICS PRIVATE LIMITED,159566.00
13-12-2024,PROMEA THERAPEUTICS PRIVATE LIMITED,222838.00
13-12-2024,PROMEA THERAPEUTICS PRIVATE LIMITED,96900.00
14-12-2024,ALPHA MEDICARE AND DEVICES PVT.LTD.,37817.00
14-12-2024,TOUCH SAFE SURGICAL,1429.00
14-12-2024,P D PHARMA(P),1176.00
16-12-2024,MITANSH SURGICAL (P),4767.00
16-12-2024,SOLLAR BIO LFE,1219.00
17-12-2024,TOONBRANDS SOLTUIONS PVT LTD,4.00
19-12-2024,TOUCH SAFE SURGICAL,4435.00
19-12-2024,SOLLAR BIO LFE,2560.00
20-12-2024,CURE LIFESCIENCES,41216.00
20-12-2024,KARE SURGICAL(P),17168.00
20-12-2024,KAVYA DISTRIBUTORS,5670.00
20-12-2024,PATEL PHARMA(P),4292.00
23-12-2024,ALPHA MEDICARE AND DEVICES PVT.LTD.,75745.00
23-12-2024,ALPHA MEDICARE AND DEVICES PVT.LTD.,34062.00
23-12-2024,ASTRID HEALTHCARE LLP,0.00
25-12-2024,CURE LIFESCIENCES,16861.00
27-12-2024,HADRIANA PRIVATE LIMITED,17024.00
27-12-2024,HADRIANA PRIVATE LIMITED,2903.00
28-12-2024,SHRI MUKUND MEDICARE PRIVATE LIMITED,484.00
28-12-2024,KAVYA DISTRIBUTORS,1987.00
30-12-2024,TOONBRANDS SOLTUIONS PVT LTD,94434.00
31-12-2024,SOLLAR BIO LFE,1280.00
31-12-2024,PRANAV ENTERPRISE,2085.00
02-01-2025,HI-TECH SURGICAL & FITNESS,2643.00
02-01-2025,ALPHA MEDICARE AND DEVICES PVT.LTD.,37699.00
02-01-2025,MITANSH SURGICAL (P),1439.00
02-01-2025,HADRIANA PRIVATE LIMITED,10002.00
03-01-2025,TOUCH SAFE SURGICAL,3387.00
04-01-2025,TOONBRANDS SOLTUIONS PVT LTD,34048.00
04-01-2025,TOONBRANDS SOLTUIONS PVT LTD,34048.00
06-01-2025,TOONBRANDS SOLTUIONS PVT LTD,170240.00
07-01-2025,KAVYA DISTRIBUTORS,1523.00
07-01-2025,TECHNOCARE MEDISYSTEMS,413.00
07-01-2025,HI-TECH SURGICAL & FITNESS,23137.00
08-01-2025,MITANSH SURGICAL (P),58.00
08-01-2025,SOLLAR BIO LFE,1008.00
08-01-2025,MAKSON HEALTHCARE,314.00
08-01-2025,HI-TECH SURGICAL & FITNESS,45920.00
08-01-2025,HI-TECH SURGICAL & FITNESS,25760.00
08-01-2025,HI-TECH SURGICAL & FITNESS,46025.00
08-01-2025,HI-TECH SURGICAL & FITNESS,20720.00
08-01-2025,HI-TECH SURGICAL & FITNESS,48085.00
08-01-2025,HI-TECH SURGICAL & FITNESS,44800.00
08-01-2025,ALPHA MEDICARE AND DEVICES PVT.LTD.,33609.00
09-01-2025,SOLLAR BIO LFE,2464.00
09-01-2025,TOUCH SAFE SURGICAL,2332.00
09-01-2025,HADRIANA PRIVATE LIMITED,12320.00
09-01-2025,VINAYAK ENTERPRISES,2124.00
10-01-2025,SWAMI ORTHO AIDS,9744.00
11-01-2025,ZYKEM HEALTHCARE PVT LTD,193536.00
11-01-2025,PROMEA THERAPEUTICS PRIVATE LIMITED,546587.00
11-01-2025,PROMEA THERAPEUTICS PRIVATE LIMITED,208639.00
13-01-2025,FUSION DISTRIBUTORS(P),4829.00
13-01-2025,PRANAV ENTERPRISE,17242.00
13-01-2025,ANS PHARMA,1586.00
13-01-2025,GENUINE MEDICAL AGENCY(P),1445.00
13-01-2025,PROMEA THERAPEUTICS PRIVATE LIMITED,147840.00
13-01-2025,PROMEA THERAPEUTICS PRIVATE LIMITED,131446.00
16-01-2025,ASTRID HEALTHCARE LLP,3360.00
16-01-2025,TOUCH SAFE SURGICAL,1344.00
17-01-2025,TOONBRANDS SOLTUIONS PVT LTD,18526.00
17-01-2025,TOUCH SAFE SURGICAL,7998.00
17-01-2025,ASTRID HEALTHCARE LLP,16800.00
18-01-2025,HADRIANA PRIVATE LIMITED,4187.00
20-01-2025,REVIVE ENTERPRISE,10806.00
21-01-2025,CURE LIFESCIENCES,12365.00
21-01-2025,TOONBRANDS SOLTUIONS PVT LTD,265374.00
22-01-2025,UMA AGENCY(P),4724.00
22-01-2025,LORD KRISHNA GLOBAL SOURCING PRIVATE LTD,8354.00
23-01-2025,PM NETWORK,5779.00
23-01-2025,HI-TECH PHARMA,8792.00
24-01-2025,ASTRID HEALTHCARE LLP,25200.00
25-01-2025,PRANAV SURGICALS,18200.00
27-01-2025,KAPOOR MEDICAL SOLUTION,60749.00
27-01-2025,CURE LIFESCIENCES,82432.00
27-01-2025,STOE LIFE PRIVATE LIMITED,11054.00
27-01-2025,ASTRID HEALTHCARE LLP,54557.00
27-01-2025,TOONBRANDS SOLTUIONS PVT LTD,97138.00
28-01-2025,PM NETWORK,18816.00
29-01-2025,HADRIANA PRIVATE LIMITED,7175.00
30-01-2025,REVIVE ENTERPRISE,8467.00
30-01-2025,PROMEA THERAPEUTICS PRIVATE LIMITED,193698.00
30-01-2025,PROMEA THERAPEUTICS PRIVATE LIMITED,137383.00
31-01-2025,TOONBRANDS SOLTUIONS PVT LTD,37052.00
31-01-2025,MITANSH SURGICAL (P),1439.00
01-02-2025,CURE LIFESCIENCES,1.00
01-02-2025,CLADVIQ PHARMACEUTICALS PRIVATE LIMITED,5484.00
01-02-2025,HADRIANA PRIVATE LIMITED,6698.00
01-02-2025,TOUCH SAFE SURGICAL,246.00
01-02-2025,SWISS MEDICAL STORES(P),2184.00
03-02-2025,TOONBRANDS SOLTUIONS PVT LTD,42560.00
04-02-2025,CURE LIFESCIENCES,1499.00
06-02-2025,ASTRID HEALTHCARE LLP,0.00
07-02-2025,CURE LIFESCIENCES,14437.00
07-02-2025,PRANAV SURGICALS,1677.00
07-02-2025,PRANAV ENTERPRISE,15148.00
08-02-2025,PRANAV SURGICALS,10853.00
08-02-2025,ASTRID HEALTHCARE LLP,8400.00
10-02-2025,HADRIANA PRIVATE LIMITED,8277.00
10-02-2025,CURE LIFESCIENCES,37094.00
11-02-2025,MITANSH SURGICAL (P),2878.00
12-02-2025,ASTRID HEALTHCARE LLP,25200.00
12-02-2025,REVIVE ENTERPRISE,8494.00
17-02-2025,ASTRID HEALTHCARE LLP,50400.00
17-02-2025,SWAMI ORTHO AIDS,383500.00
17-02-2025,TOONBRANDS SOLTUIONS PVT LTD,23520.00
18-02-2025,WEST INDIA LIFESCIENCE,4850.00
19-02-2025,ALPHA MEDICARE AND DEVICES PVT.LTD.,93073.00
19-02-2025,HADRIANA PRIVATE LIMITED,13210.00
19-02-2025,ASTRID HEALTHCARE LLP,34087.00
20-02-2025,PRANAV ENTERPRISE,7840.00
20-02-2025,PRANAV SURGICALS,1677.00
20-02-2025,TOUCH SAFE SURGICAL,12880.00
20-02-2025,PRANAV SURGICALS,8682.00
20-02-2025,HADRIANA PRIVATE LIMITED,3332.00
22-02-2025,PRANAV ENTERPRISE,7308.00
22-02-2025,ASTRID HEALTHCARE LLP,42000.00
24-02-2025,ZYKEM HEALTHCARE PVT LTD,349440.00
24-02-2025,TOONBRANDS SOLTUIONS PVT LTD,72444.00
24-02-2025,PROMEA THERAPEUTICS PRIVATE LIMITED,101136.00
24-02-2025,PROMEA THERAPEUTICS PRIVATE LIMITED,201174.00
25-02-2025,ALPHA MEDICARE AND DEVICES PVT.LTD.,28970.00
26-02-2025,HADRIANA PRIVATE LIMITED,4257.00
26-02-2025,WEST INDIA LIFESCIENCE,13046.00
26-02-2025,ALPHA MEDICARE AND DEVICES PVT.LTD.,62715.00
26-02-2025,FUSION DISTRIBUTORS(P),5181.00
27-02-2025,TOUCH SAFE SURGICAL,1075.00
27-02-2025,PRANAV ENTERPRISE,5286.00
01-03-2025,RIBBEL INERNATIONAL LTD.,21168.00
04-03-2025,PROMEA THERAPEUTICS PRIVATE LIMITED,733789.00
05-03-2025,CLADVIQ PHARMACEUTICALS PRIVATE LIMITED,6160.00
06-03-2025,UDAY SURGIPHARMA(P),6003.00
07-03-2025,TOONBRANDS SOLTUIONS PVT LTD,35392.00
07-03-2025,KAVYA DISTRIBUTORS,7840.00
07-03-2025,P D PHARMA(P),2352.00
07-03-2025,VASURA MEDICAL AGENCIES,2128.00
07-03-2025,PRANAV SURGICALS,1902.00
08-03-2025,ALPHA MEDICARE AND DEVICES PVT.LTD.,49034.00
08-03-2025,ALPHA MEDICARE AND DEVICES PVT.LTD.,10349.00
08-03-2025,PM NETWORK,11088.00
08-03-2025,TOONBRANDS SOLTUIONS PVT LTD,37052.00
08-03-2025,TOONBRANDS SOLTUIONS PVT LTD,35392.00
10-03-2025,FUSION DISTRIBUTORS(P),14708.00
10-03-2025,PRANAV SURGICALS,15492.00
10-03-2025,MAKSON HEALTHCARE,16486.00
12-03-2025,ASTRID HEALTHCARE LLP,10752.00
17-03-2025,TOONBRANDS SOLTUIONS PVT LTD,37052.00
17-03-2025,HADRIANA PRIVATE LIMITED,1246.00
17-03-2025,PM NETWORK,134400.00
18-03-2025,FUSION DISTRIBUTORS(P),12480.00
18-03-2025,ALPHA MEDICARE AND DEVICES PVT.LTD.,0.00
19-03-2025,TOUCH SAFE SURGICAL,541.00
19-03-2025,SOLLAR BIO LFE,1275.00
19-03-2025,TOONBRANDS SOLTUIONS PVT LTD,176960.00
19-03-2025,PRANAV SURGICALS,4336.00
19-03-2025,TOUCH SAFE SURGICAL,1344.00
20-03-2025,TOONBRANDS SOLTUIONS PVT LTD,88480.00
20-03-2025,HADRIANA PRIVATE LIMITED,5478.00
20-03-2025,ASTRID HEALTHCARE LLP,124992.00
21-03-2025,FUSION DISTRIBUTORS(P),5181.00
21-03-2025,PRANAV ENTERPRISE,7840.00
21-03-2025,TOUCH SAFE SURGICAL,1792.00
22-03-2025,HADRIANA PRIVATE LIMITED,6698.00
22-03-2025,SWISS MEDICAL STORES(P),2621.00
22-03-2025,HADRIANA PRIVATE LIMITED,5750.00
24-03-2025,VISA INDUSTRIES,44800.00
24-03-2025,ASTRID HEALTHCARE LLP,6810.00
24-03-2025,TOUCH SAFE SURGICAL,1960.00
24-03-2025,KAPOOR MEDICAL SOLUTION,22781.00
27-03-2025,WEST INDIA LIFESCIENCE,1747.00
27-03-2025,TOONBRANDS SOLTUIONS PVT LTD,35392.00
28-03-2025,PM NETWORK,11088.00
28-03-2025,ALPHA MEDICARE AND DEVICES PVT.LTD.,26700.00
29-03-2025,KAVYA DISTRIBUTORS,1050.00
29-03-2025,TOUCH SAFE SURGICAL,848.00
07-04-2025,PROMEA THERAPEUTICS PRIVATE LIMITED,623681.00
07-04-2025,HI-TECH SURGICAL & FITNESS,6460.00
02-10-2025,FUSION DISTRIBUTORS(P),0.00
01-04-2025,PARSHWA MEDICAL & SURGICAL (P),2318.00
01-04-2025,PRANAV SURGICALS,3920.00
03-04-2025,TOUCH SAFE SURGICAL,151.00
03-04-2025,PRANAV ENTERPRISE,7840.00
03-04-2025,VASURA MEDICAL AGENCIES,2128.00
03-04-2025,PRANAV SURGICALS,5916.00
03-04-2025,CURE LIFESCIENCES,9247.00
04-04-2025,HADRIANA PRIVATE LIMITED,16835.00
04-04-2025,SWISS MEDICAL STORES(P),4368.00
04-04-2025,PRANAV ENTERPRISE,5286.00
04-04-2025,REVIVE ENTERPRISE,10806.00
04-04-2025,TOUCH SAFE SURGICAL,1792.00
04-04-2025,FUSION DISTRIBUTORS(P),7162.00
04-04-2025,CLADVIQ PHARMACEUTICALS PRIVATE LIMITED,5775.00
05-04-2025,ASTRID HEALTHCARE LLP,7080.00
05-04-2025,TOONBRANDS SOLTUIONS PVT LTD,35392.00
06-04-2025,HI-TECH SURGICAL & FITNESS,2477.00
07-04-2025,PROMEA THERAPEUTICS PRIVATE LIMITED,298646.00
08-04-2025,ALPHA MEDICARE AND DEVICES PVT.LTD.,70283.00
08-04-2025,PM NETWORK,19488.00
08-04-2025,WEST INDIA LIFESCIENCE,5767.00
08-04-2025,PROMEA THERAPEUTICS PRIVATE LIMITED,166961.00
09-04-2025,TOONBRANDS SOLTUIONS PVT LTD,53088.00
09-04-2025,HI-TECH SURGICAL & FITNESS,6461.00
10-04-2025,FUSION DISTRIBUTORS(P),19889.00
10-04-2025,TOUCH SAFE SURGICAL,6182.00
10-04-2025,PRANAV SURGICALS,17109.00
11-04-2025,TOONBRANDS SOLTUIONS PVT LTD,37052.00
11-04-2025,ALPHA MEDICARE AND DEVICES PVT.LTD.,81958.00
15-04-2025,TOUCH SAFE SURGICAL,2348.00
15-04-2025,HADRIANA PRIVATE LIMITED,16238.00
15-04-2025,KRISHNA SURGICAL (VADODARA),19933.00
16-04-2025,PROMEA THERAPEUTICS PRIVATE LIMITED,97324.00
16-04-2025,PROMEA THERAPEUTICS PRIVATE LIMITED,130066.00
16-04-2025,PROMEA THERAPEUTICS PRIVATE LIMITED,144933.00
17-04-2025,REVIVE ENTERPRISE,8467.00
17-04-2025,ALPHA MEDICARE AND DEVICES PVT.LTD.,30012.00
17-04-2025,PRANAV SURGICALS,12602.00
17-04-2025,FUSION DISTRIBUTORS(P),7683.00
17-04-2025,MITANSH SURGICAL (P),1848.00
18-04-2025,PM NETWORK,11760.00
19-04-2025,ALPHA MEDICARE AND DEVICES PVT.LTD.,37128.00
19-04-2025,KAPOOR MEDICAL SOLUTION,79475.00
21-04-2025,CLADVIQ PHARMACEUTICALS PRIVATE LIMITED,5484.00
21-04-2025,CURE LIFESCIENCES,742.00
21-04-2025,UMA AGENCY(P),3942.00
22-04-2025,TOONBRANDS SOLTUIONS PVT LTD,36960.00
22-04-2025,TOONBRANDS SOLTUIONS PVT LTD,92492.00
23-04-2025,FUSION DISTRIBUTORS(P),7683.00
23-04-2025,SWISS MEDICAL STORES(P),17248.00
23-04-2025,HADRIANA PRIVATE LIMITED,2576.00
24-04-2025,TOUCH SAFE SURGICAL,13311.00
24-04-2025,VIHAAN ENTERPRISE,1534.00
24-04-2025,PM NETWORK,27003.00
24-04-2025,PRANAV SURGICALS,1053.00
25-04-2025,TOONBRANDS SOLTUIONS PVT LTD,101663.00
25-04-2025,PM NETWORK,7616.00
25-04-2025,TOUCH SAFE SURGICAL,7728.00
25-04-2025,PRANAV SURGICALS,3920.00
25-04-2025,MAA CHANDRA PHARMA(P),997.00
26-04-2025,VANN CARE PHARMA PRIVATE LIMITED,11290.00
28-04-2025,VANN CARE PHARMA PRIVATE LIMITED,62361.00
28-04-2025,KRISHNA SURGICAL (VADODARA),4746.00
28-04-2025,ORION SUTURES INDIA PRIVATE LIMITED,7672.00
29-04-2025,PROMEA THERAPEUTICS PRIVATE LIMITED,6978.00
29-04-2025,FUSION DISTRIBUTORS(P),5181.00
29-04-2025,ALPHA MEDICARE AND DEVICES PVT.LTD.,17982.00
30-04-2025,VANN CARE PHARMA PRIVATE LIMITED,190512.00
30-04-2025,HADRIANA PRIVATE LIMITED,1792.00
02-05-2025,ALPHA MEDICARE AND DEVICES PVT.LTD.,55154.00
01-05-2025,KAVYA DISTRIBUTORS,2500.00
01-05-2025,CURE LIFESCIENCES,7790.00
02-05-2025,PM NETWORK,19354.00
02-05-2025,HADRIANA PRIVATE LIMITED,2464.00
29-04-2025,VANN CARE PHARMA PRIVATE LIMITED,282240.00
07-05-2025,ASTRID HEALTHCARE LLP,35840.00
07-05-2025,HADRIANA PRIVATE LIMITED,3091.00
07-05-2025,TOONBRANDS SOLTUIONS PVT LTD,36960.00
07-05-2025,KAVYA DISTRIBUTORS,4166.00
07-05-2025,CURE LIFESCIENCES,5625.00
07-05-2025,PROMEA THERAPEUTICS PRIVATE LIMITED,131608.00
07-05-2025,PROMEA THERAPEUTICS PRIVATE LIMITED,196852.00
08-05-2025,TOONBRANDS SOLTUIONS PVT LTD,37052.00
08-05-2025,NITYAM SURGICAL AND CO (P),4869.00
09-05-2025,KRISHNA SURGICAL (VADODARA),23730.00
10-05-2025,TOONBRANDS SOLTUIONS PVT LTD,4632.00
10-05-2025,SWISS MEDICAL STORES(P),2587.00
10-05-2025,HADRIANA PRIVATE LIMITED,8372.00
10-05-2025,LIFESHIELD HEALTHCARE PVT LTD,10452.00
10-05-2025,KAVYA DISTRIBUTORS,588.00
10-05-2025,PRANAV SURGICALS,3920.00
12-05-2025,ALPHA MEDICARE AND DEVICES PVT.LTD.,54376.00
12-05-2025,PM NETWORK,18816.00
12-05-2025,ANURADHA ENTERPRISES,123200.00
12-05-2025,OOPTUS HEALTHCARE,308000.00
12-05-2025,UMA AGENCY(P),4725.00
14-07-2025,MAA CHANDRA PHARMA(P),659.00
13-05-2025,HADRIANA PRIVATE LIMITED,14207.00
13-05-2025,MAA CHANDRA PHARMA(P),526.00
13-05-2025,PRANAV SURGICALS,3920.00
13-05-2025,PROMEA THERAPEUTICS PRIVATE LIMITED,640637.00
14-05-2025,CLADVIQ PHARMACEUTICALS PRIVATE LIMITED,93844.00
14-05-2025,TOUCH SAFE SURGICAL,17136.00
14-05-2025,TOUCH SAFE SURGICAL,1792.00
14-05-2025,SWAMI ORTHO AIDS,9744.00
14-05-2025,KAVYA DISTRIBUTORS,1505.00
15-05-2025,OOPTUS HEALTHCARE,215600.00
16-05-2025,TOUCH SAFE SURGICAL,3360.00
16-05-2025,MITANSH SURGICAL (P),2878.00
16-05-2025,VASURA MEDICAL AGENCIES,9645.00
17-05-2025,UDAY SURGIPHARMA(P),4547.00
17-05-2025,TOONBRANDS SOLTUIONS PVT LTD,55532.00
17-05-2025,HI-TECH MEDICS PRIVATE LIMITED,4234.00
17-05-2025,JAISONMED PRIVATE LIMITED,57523.00
19-05-2025,ORANGE MEDICARE,316.00
19-05-2025,ALPHA MEDICARE AND DEVICES PVT.LTD.,41001.00
19-05-2025,REVIVE ENTERPRISE,12083.00
20-05-2025,STAR INDIA TRADING,4725.00
20-05-2025,VASURA MEDICAL AGENCIES,6048.00
21-05-2025,CURE LIFESCIENCES,2943.00
21-05-2025,ASTRID HEALTHCARE LLP,17920.00
23-05-2025,PM NETWORK,5712.00
23-05-2025,UNITY DISTRIBUTORS,100800.00
23-05-2025,PROMEA THERAPEUTICS PRIVATE LIMITED,162170.00
24-05-2025,TOUCH SAFE SURGICAL,5230.00
24-05-2025,ALPHA MEDICARE AND DEVICES PVT.LTD.,29635.00
25-05-2025,PROMEA THERAPEUTICS PRIVATE LIMITED,494315.00
25-05-2025,PROMEA THERAPEUTICS PRIVATE LIMITED,19894.00
26-05-2025,KAPOOR MEDICAL SOLUTION,26320.00
26-05-2025,KAVYA DISTRIBUTORS,9622.00
26-05-2025,HADRIANA PRIVATE LIMITED,4337.00
26-05-2025,PM NETWORK,188244.00
29-05-2025,PRANAV SURGICALS,15492.00
29-05-2025,TOUCH SAFE SURGICAL,10416.00
29-05-2025,FUSION DISTRIBUTORS(P),14186.00
31-05-2025,REVIVE ENTERPRISE,7849.00
31-05-2025,ASTRID HEALTHCARE LLP,10752.00
31-05-2025,PROMEA THERAPEUTICS PRIVATE LIMITED,92231.00
31-05-2025,PROMEA THERAPEUTICS PRIVATE LIMITED,102925.00
31-05-2025,PROMEA THERAPEUTICS PRIVATE LIMITED,12842.00
31-05-2025,PROMEA THERAPEUTICS PRIVATE LIMITED,93543.00
02-06-2025,PROMEA THERAPEUTICS PRIVATE LIMITED,152786.00
31-05-2025,PROMEA THERAPEUTICS PRIVATE LIMITED,44842.00
02-06-2025,JAISONMED PRIVATE LIMITED,28762.00
02-06-2025,PROMEA THERAPEUTICS PRIVATE LIMITED,31147.00
03-06-2025,ASTRID HEALTHCARE LLP,28672.00
05-06-2025,FUSION DISTRIBUTORS(P),20025.00
05-06-2025,VASURA MEDICAL AGENCIES,5712.00
07-06-2025,HADRIANA PRIVATE LIMITED,7672.00
09-06-2025,SWISS MEDICAL STORES(P),4312.00
09-06-2025,PM NETWORK,19085.00
11-06-2025,CLADVIQ PHARMACEUTICALS PRIVATE LIMITED,94500.00
11-06-2025,HADRIANA PRIVATE LIMITED,791.00
11-06-2025,PUROLIFE PHARMACEUTICALS,53298.00
11-06-2025,TOUCH SAFE SURGICAL,10937.00
11-06-2025,PRANAV SURGICALS,5598.00
12-06-2025,TVISHA SURGICAL(P MAHUVA),5824.00
12-06-2025,MAA CHANDRA PHARMA(P),997.00
12-06-2025,ASTRID HEALTHCARE LLP,11088.00
12-06-2025,PROMEA THERAPEUTICS PRIVATE LIMITED,66189.00
12-06-2025,PROMEA THERAPEUTICS PRIVATE LIMITED,577866.00
13-06-2025,VASURA MEDICAL AGENCIES,2184.00
13-06-2025,TOUCH SAFE SURGICAL,1344.00
13-06-2025,KARE SURGICAL(P),29085.00
17-06-2025,ALPHA MEDICARE AND DEVICES PVT.LTD.,40055.00
17-06-2025,UNITY DISTRIBUTORS,50400.00
17-06-2025,TOUCH SAFE SURGICAL,1075.00
18-06-2025,PM NETWORK,19040.00
18-06-2025,ASTRID HEALTHCARE LLP,17920.00
19-06-2025,KRISHNA SURGICAL (VADODARA),9492.00
19-06-2025,FUSION DISTRIBUTORS(P),7025.00
19-06-2025,SOLLAR BIO LFE,3400.00
19-06-2025,PRANAV ENTERPRISE,7840.00
19-06-2025,PRANAV SURGICALS,12407.00
20-06-2025,ALPHA MEDICARE AND DEVICES PVT.LTD.,17338.00
20-06-2025,MITANSH SURGICAL (P),3326.00
20-06-2025,PRANAV SURGICALS,4019.00
21-06-2025,VASURA MEDICAL AGENCIES,2251.00
21-06-2025,MAA CHANDRA PHARMA(P),526.00
25-06-2025,HADRIANA PRIVATE LIMITED,2604.00
25-06-2025,PROMEA THERAPEUTICS PRIVATE LIMITED,75371.00
25-06-2025,PROMEA THERAPEUTICS PRIVATE LIMITED,186117.00
26-06-2025,KAVYA DISTRIBUTORS,5833.00
26-06-2025,REVIVE ENTERPRISE,20879.00
26-06-2025,PROMEA THERAPEUTICS PRIVATE LIMITED,159952.00
08-07-2025,KAPOOR MEDICAL SOLUTION,30912.00
28-06-2025,FUSION DISTRIBUTORS(P),5181.00
28-06-2025,KRISHNA SURGICAL (VADODARA),9492.00
28-06-2025,TOUCH SAFE SURGICAL,874.00
04-07-2025,TOONBRANDS SOLTUIONS PVT LTD,70353.00
30-06-2025,CURE LIFESCIENCES,1113.00
30-06-2025,MITANSH SURGICAL (P),2756.00
30-06-2025,TOUCH SAFE SURGICAL,150.00
30-06-2025,ASTRID HEALTHCARE LLP,3776.00
30-06-2025,MITANSH SURGICAL (P),3584.00
30-06-2025,MAA CHANDRA PHARMA(P),997.00
30-06-2025,MAKSON HEALTHCARE,2640.00
30-06-2025,PROMEA THERAPEUTICS PRIVATE LIMITED,68797.00
30-06-2025,PROMEA THERAPEUTICS PRIVATE LIMITED,324001.00
02-07-2025,PROMEA THERAPEUTICS PRIVATE LIMITED,121713.00
05-07-2025,PROMEA THERAPEUTICS PRIVATE LIMITED,343465.00
03-07-2025,YAMUNA MEDITECH PVT.LTD,14224.00
03-07-2025,MITANSH SURGICAL (P),33.00
03-07-2025,VASURA MEDICAL AGENCIES,1131.00
04-07-2025,ALPHA MEDICARE AND DEVICES PVT.LTD.,67785.00
04-07-2025,PRANAV SURGICALS,10360.00
07-07-2025,TVISHA SURGICAL(P MAHUVA),48630.00
07-07-2025,TVISHA SURGICAL(P MAHUVA),63594.00
07-07-2025,KRISHNA SURGICAL (VADODARA),14238.00
07-07-2025,CLADVIQ PHARMACEUTICALS PRIVATE LIMITED,90720.00
07-07-2025,ALPHA MEDICARE AND DEVICES PVT.LTD.,51323.00
07-07-2025,MULTI HEALTH CARE,110880.00
08-07-2025,TOUCH SAFE SURGICAL,2834.00
08-07-2025,K.P.DISTRIBUTORS (P),649.00
08-07-2025,MAA CHANDRA PHARMA(P),997.00
10-07-2025,TOUCH SAFE SURGICAL,1071.00
11-07-2025,FUSION DISTRIBUTORS(P),12864.00
11-07-2025,TOONBRANDS SOLTUIONS PVT LTD,55578.00
11-07-2025,PRANAV SURGICALS,8487.00
11-07-2025,TOONBRANDS SOLTUIONS PVT LTD,55578.00
11-07-2025,PROMEA THERAPEUTICS PRIVATE LIMITED,51072.00
11-07-2025,PROMEA THERAPEUTICS PRIVATE LIMITED,237783.00
14-07-2025,TOUCH SAFE SURGICAL,4861.00
14-07-2025,VASURA MEDICAL AGENCIES,5701.00
14-07-2025,TOUCH SAFE SURGICAL,858.00
14-07-2025,TOUCH SAFE SURGICAL,105.00
14-07-2025,VANN CARE PHARMA PRIVATE LIMITED,403326.00
14-07-2025,ALPHA MEDICARE AND DEVICES PVT.LTD.,48418.00
14-07-2025,PM NETWORK,19488.00
15-07-2025,TOUCH SAFE SURGICAL,75.00
15-07-2025,PROMEA THERAPEUTICS PRIVATE LIMITED,159662.00
15-07-2025,CLADVIQ PHARMACEUTICALS PRIVATE LIMITED,5484.00
15-07-2025,HADRIANA PRIVATE LIMITED,12513.00
15-07-2025,TOUCH SAFE SURGICAL,2179.00
15-07-2025,MAA CHANDRA PHARMA(P),997.00
16-07-2025,PRANAV SURGICALS,7840.00
16-07-2025,TOUCH SAFE SURGICAL,2466.00
16-07-2025,FUSION DISTRIBUTORS(P),7683.00
16-07-2025,ALPHA MEDICARE AND DEVICES PVT.LTD.,20698.00
17-07-2025,PRANAV SURGICALS,12269.00
18-07-2025,UNITY DISTRIBUTORS,60480.00
18-07-2025,TOUCH SAFE SURGICAL,586.00
19-07-2025,ASTRID HEALTHCARE LLP,17920.00
19-07-2025,PRANAV SURGICALS,9210.00
22-07-2025,HADRIANA PRIVATE LIMITED,2440.00
22-07-2025,MAA CHANDRA PHARMA(P),526.00
24-07-2025,VISA INDUSTRIES,51156.00
24-07-2025,BIO-TECH DISTRIBUTORS(P),3158.00
24-07-2025,FUSION DISTRIBUTORS(P),12864.00
24-07-2025,KAPOOR MEDICAL SOLUTION,25760.00
24-07-2025,CURE LIFESCIENCES,1125.00
24-07-2025,MITANSH SURGICAL (P),576.00
25-07-2025,SHEFALI SURGICALS,15000.00
25-07-2025,JIYA SURGI-CHEM PVT LTD,17325.00
26-07-2025,ALPHA MEDICARE AND DEVICES PVT.LTD.,26040.00
26-07-2025,ECOgreen ENVIRO SERVICES,3528.00
26-07-2025,JAISONMED PRIVATE LIMITED,63347.00
26-07-2025,G.M. ENTERPRISE,7087.00
26-07-2025,HADRIANA PRIVATE LIMITED,1232.00
26-07-2025,ALPHA MEDICARE AND DEVICES PVT.LTD.,8210.00
28-07-2025,CURE LIFESCIENCES,5625.00
28-07-2025,KAVYA DISTRIBUTORS,8588.00
29-07-2025,ASTRID HEALTHCARE LLP,17024.00
29-07-2025,FUSION DISTRIBUTORS(P),6915.00
29-07-2025,MAA CHANDRA PHARMA(P),4984.00
29-07-2025,PRANAV SURGICALS,9317.00
30-07-2025,TOUCH SAFE SURGICAL,1792.00
31-07-2025,UNITY DISTRIBUTORS,276192.00
31-07-2025,TOUCH SAFE SURGICAL,632.00
31-07-2025,PRANAV SURGICALS,7209.00
31-07-2025,PROMEA THERAPEUTICS PRIVATE LIMITED,1078000.00
31-07-2025,PROMEA THERAPEUTICS PRIVATE LIMITED,20966.00
31-07-2025,PROMEA THERAPEUTICS PRIVATE LIMITED,91645.00
31-07-2025,PROMEA THERAPEUTICS PRIVATE LIMITED,33116.00
31-07-2025,PROMEA THERAPEUTICS PRIVATE LIMITED,162764.00
31-07-2025,PROMEA THERAPEUTICS PRIVATE LIMITED,524655.00
31-07-2025,PROMEA THERAPEUTICS PRIVATE LIMITED,124724.00
01-08-2025,TOUCH SAFE SURGICAL,747.00
01-08-2025,PROMEA THERAPEUTICS PRIVATE LIMITED,25644.00
01-08-2025,PROMEA THERAPEUTICS PRIVATE LIMITED,20230.00
01-08-2025,PROMEA THERAPEUTICS PRIVATE LIMITED,535946.00
02-08-2025,CURE LIFESCIENCES,563.00
04-08-2025,CURE LIFESCIENCES,1892.00
04-08-2025,PROMEA THERAPEUTICS PRIVATE LIMITED,122720.00
05-08-2025,UMA AGENCY(P),4725.00
05-08-2025,HADRIANA PRIVATE LIMITED,1582.00
06-08-2025,ALPHA MEDICARE AND DEVICES PVT.LTD.,33185.00
06-08-2025,TOUCH SAFE SURGICAL,68.00
06-08-2025,VASURA MEDICAL AGENCIES,2184.00
06-08-2025,FUSION DISTRIBUTORS(P),5181.00
06-08-2025,TOUCH SAFE SURGICAL,2464.00
06-08-2025,TOUCH SAFE SURGICAL,106.00
06-08-2025,KRISHNA SURGICAL (VADODARA),9492.00
07-08-2025,KAVYA DISTRIBUTORS,31132.00
07-08-2025,JAISONMED PRIVATE LIMITED,34586.00
07-08-2025,HADRIANA PRIVATE LIMITED,8333.00
07-08-2025,HADRIANA PRIVATE LIMITED,2576.00
07-08-2025,ASTRID HEALTHCARE LLP,42202.00
07-08-2025,FUSION DISTRIBUTORS(P),7162.00
07-08-2025,TOUCH SAFE SURGICAL,2509.00
08-08-2025,TOONBRANDS SOLTUIONS PVT LTD,53808.00
08-08-2025,SIGMA SURGIAL(P),6160.00
08-08-2025,FUSION DISTRIBUTORS(P),5378.00
11-08-2025,FUSION DISTRIBUTORS(P),27050.00
11-08-2025,PRANAV SURGICALS,7540.00
11-08-2025,REVIVE ENTERPRISE,24165.00
12-08-2025,KAVYA DISTRIBUTORS,13843.00
12-08-2025,CURE LIFESCIENCES,12853.00
13-08-2025,KRISHNA SURGICAL (VADODARA),23730.00
14-08-2025,STOE LIFE PRIVATE LIMITED,393120.00
14-08-2025,CURE LIFESCIENCES,1472.00
15-08-2025,MITANSH SURGICAL (P),1439.00
15-08-2025,VANN CARE PHARMA PRIVATE LIMITED,18144.00
18-08-2025,ALPHA MEDICARE AND DEVICES PVT.LTD.,62393.00
18-08-2025,FUSION DISTRIBUTORS(P),12864.00
19-08-2025,HADRIANA PRIVATE LIMITED,23592.00
20-08-2025,HADRIANA PRIVATE LIMITED,1582.00
20-08-2025,KAVYA DISTRIBUTORS,5833.00
20-08-2025,PROMEA THERAPEUTICS PRIVATE LIMITED,386454.00
21-08-2025,TOUCH SAFE SURGICAL,1180.00
21-08-2025,PM NETWORK,23072.00
22-08-2025,SHEFALI SURGICALS,27000.00
22-08-2025,SIGMA SURGIAL(P),123200.00
22-08-2025,ALPHA MEDICARE AND DEVICES PVT.LTD.,65197.00
22-08-2025,FUSION DISTRIBUTORS(P),7683.00
22-08-2025,PROMEA THERAPEUTICS PRIVATE LIMITED,147840.00
22-08-2025,PROMEA THERAPEUTICS PRIVATE LIMITED,102520.00
22-08-2025,PROMEA THERAPEUTICS PRIVATE LIMITED,441324.00
25-08-2025,CURE LIFESCIENCES,2813.00
25-08-2025,TOONBRANDS SOLTUIONS PVT LTD,34720.00
25-08-2025,ALPHA MEDICARE AND DEVICES PVT.LTD.,59980.00
26-08-2025,TOONBRANDS SOLTUIONS PVT LTD,27891.00
27-08-2025,JAISONMED PRIVATE LIMITED,57523.00
27-08-2025,KRISHNA SURGICAL (VADODARA),9492.00
27-08-2025,PRANAV SURGICALS,38138.00
27-08-2025,A-ONE MEDICARE AGENCIES,1677.00
28-08-2025,KAVYA DISTRIBUTORS,1568.00
28-08-2025,SHREE CHEHAR SURGICAL,15232.00
28-08-2025,TOUCH SAFE SURGICAL,1467.00
28-08-2025,KARE SURGICAL(P),551.00
28-08-2025,PROMEA THERAPEUTICS PRIVATE LIMITED,108810.00
28-08-2025,PROMEA THERAPEUTICS PRIVATE LIMITED,111283.00
28-08-2025,PROMEA THERAPEUTICS PRIVATE LIMITED,56771.00
29-08-2025,KAVYA DISTRIBUTORS,1363.00
29-08-2025,FUSION DISTRIBUTORS(P),5181.00
29-08-2025,VASURA MEDICAL AGENCIES,3024.00
29-08-2025,TOUCH SAFE SURGICAL,67.00
29-08-2025,PROMEA THERAPEUTICS PRIVATE LIMITED,127895.00
29-08-2025,PROMEA THERAPEUTICS PRIVATE LIMITED,91544.00
29-08-2025,PROMEA THERAPEUTICS PRIVATE LIMITED,134118.00
29-08-2025,PROMEA THERAPEUTICS PRIVATE LIMITED,41933.00
01-09-2025,KAVYA DISTRIBUTORS,10908.00
01-09-2025,CURE LIFESCIENCES,4284.00
01-09-2025,ALPHA MEDICARE AND DEVICES PVT.LTD.,49182.00
01-09-2025,KAPOOR MEDICAL SOLUTION,32928.00
02-09-2025,HADRIANA PRIVATE LIMITED,8417.00
03-09-2025,CURE LIFESCIENCES,1125.00
03-09-2025,KRISHNA SURGICAL (VADODARA),14238.00
03-09-2025,HADRIANA PRIVATE LIMITED,560.00
03-09-2025,UMA AGENCY(P),9856.00
04-09-2025,KAPOOR MEDICAL SOLUTION,25760.00
04-09-2025,FUSION DISTRIBUTORS(P),7683.00
04-09-2025,ALPHA MEDICARE AND DEVICES PVT.LTD.,21592.00
04-09-2025,TOUCH SAFE SURGICAL,848.00
04-09-2025,KAVYA DISTRIBUTORS,4336.00
04-09-2025,TOUCH SAFE SURGICAL,1437.00
04-09-2025,CURE LIFESCIENCES,1472.00
05-09-2025,VIVAN SURGICAL EXPORT & IMPORT (P),27451.00
05-09-2025,FUSION DISTRIBUTORS(P),7683.00
08-09-2025,TOONBRANDS SOLTUIONS PVT LTD,53808.00
08-09-2025,KAVYA DISTRIBUTORS,605.00
08-09-2025,TOUCH SAFE SURGICAL,1792.00
08-09-2025,MVA HEALTHCARE,86800.00
08-09-2025,UNITY DISTRIBUTORS,27619.00
09-09-2025,PRANAV SURGICALS,5597.00
09-09-2025,FUSION DISTRIBUTORS(P),7162.00
09-09-2025,HANSCURE LIFESCIENCE PVT LTD(P),43680.00
09-09-2025,TOONBRANDS SOLTUIONS PVT LTD,193536.00
09-09-2025,PATEL PHARMA(P),4148.00
11-09-2025,TOUCH SAFE SURGICAL,15288.00
11-09-2025,MVA HEALTHCARE,34720.00
11-09-2025,CURE LIFESCIENCES,5756.00
11-09-2025,KAVYA DISTRIBUTORS,4166.00
11-09-2025,KAVYA DISTRIBUTORS,4166.00
12-09-2025,FUSION DISTRIBUTORS(P),7162.00
12-09-2025,KRISHNA SURGICAL (VADODARA),14238.00
15-09-2025,TVISHA SURGICAL(P MAHUVA),3808.00
15-09-2025,YOGI HEALTHCARE,11340.00
16-09-2025,GENUINE MEDICAL AGENCY(P),1517.00
16-09-2025,KAVYA DISTRIBUTORS,2156.00
16-09-2025,TOUCH SAFE SURGICAL,220.00
16-09-2025,WEST INDIA LIFESCIENCE,13046.00
16-09-2025,MITANSH SURGICAL (P),2878.00
17-09-2025,PURIFY INDIA ENTERPRISES,153400.00
17-09-2025,PM NETWORK,26656.00
18-09-2025,BHAVANI MEDICAL AGENCY(P),26172.00
18-09-2025,UNITY DISTRIBUTORS,18413.00
18-09-2025,PRANAV SURGICALS,17452.00
19-09-2025,HONEST SURGICAL & MEDICINES AGENCIES(PUR,7168.00
19-09-2025,UNITY DISTRIBUTORS,18413.00
19-09-2025,TOUCH SAFE SURGICAL,521.00
19-09-2025,PROMEA THERAPEUTICS PRIVATE LIMITED,71124.00
19-09-2025,PROMEA THERAPEUTICS PRIVATE LIMITED,14112.00
19-09-2025,PROMEA THERAPEUTICS PRIVATE LIMITED,131572.00
19-09-2025,PROMEA THERAPEUTICS PRIVATE LIMITED,59967.00
19-09-2025,PROMEA THERAPEUTICS PRIVATE LIMITED,7123.00
19-09-2025,PROMEA THERAPEUTICS PRIVATE LIMITED,88140.00
20-09-2025,MITANSH SURGICAL (P),6843.00
20-09-2025,UMA AGENCY(P),4725.00
20-09-2025,MVA HEALTHCARE,34720.00
21-09-2025,PROMEA THERAPEUTICS PRIVATE LIMITED,381939.00
21-09-2025,PROMEA THERAPEUTICS PRIVATE LIMITED,102967.00
21-09-2025,PROMEA THERAPEUTICS PRIVATE LIMITED,40831.00
22-09-2025,MVA HEALTHCARE,162750.00
23-09-2025,MVA HEALTHCARE,42315.00
23-09-2025,TOONBRANDS SOLTUIONS PVT LTD,72640.00
23-09-2025,FUSION DISTRIBUTORS(P),5042.00
24-09-2025,ALPHA MEDICARE AND DEVICES PVT.LTD.,63158.00
24-09-2025,FUSION DISTRIBUTORS(P),18774.00
24-09-2025,HADRIANA PRIVATE LIMITED,4305.00
25-09-2025,FUSION DISTRIBUTORS(P),7203.00
25-09-2025,VARDHMAN ENTERPRISE(P),26250.00
25-09-2025,VARDHMAN ENTERPRISE(P),29526.00
25-09-2025,SWAMI ORTHO AIDS,389400.00
26-09-2025,MVA HEALTHCARE,29295.00
26-09-2025,TOONBRANDS SOLTUIONS PVT LTD,3540.00
27-09-2025,CURE LIFESCIENCES,9413.00
27-09-2025,KAVYA DISTRIBUTORS,13483.00
27-09-2025,OTSUKA PHARMACEUTICAL INDIA PVT LTD,1058400.00
27-09-2025,MITANSH SURGICAL (P),2824.00
27-09-2025,HADRIANA PRIVATE LIMITED,2125.00
27-09-2025,TOUCH SAFE SURGICAL,1680.00
27-09-2025,PROMEA THERAPEUTICS PRIVATE LIMITED,27796.00
27-09-2025,PROMEA THERAPEUTICS PRIVATE LIMITED,275083.00
29-09-2025,KAVYA DISTRIBUTORS,1134.00
29-09-2025,MVA HEALTHCARE,32550.00
29-09-2025,TOONBRANDS SOLTUIONS PVT LTD,35400.00
29-09-2025,STOE LIFE PRIVATE LIMITED,95823.00
29-09-2025,FUSION DISTRIBUTORS(P),4857.00
29-09-2025,JAISONMED PRIVATE LIMITED,26964.00
29-09-2025,UMA AGENCY(P),4857.00
01-10-2025,PROMEA THERAPEUTICS PRIVATE LIMITED,288750.00
02-10-2025,ALPHA MEDICARE AND DEVICES PVT.LTD.,63435.00
02-10-2025,FUSION DISTRIBUTORS(P),12837.00
03-10-2025,PM NETWORK,17850.00
03-10-2025,HYPOCARE MEDICAL DEVICES,71400.00
03-10-2025,CLADVIQ PHARMACEUTICALS PRIVATE LIMITED,3985.00
07-10-2025,TOUCH SAFE SURGICAL,3698.00
07-10-2025,FUSION DISTRIBUTORS(P),14406.00
07-10-2025,REVIVE ENTERPRISE,14717.00
09-10-2025,KRISHNA SURGICAL (VADODARA),14238.00
09-10-2025,JAISONMED PRIVATE LIMITED,48535.00
09-10-2025,PROMEA THERAPEUTICS PRIVATE LIMITED,381654.00
10-10-2025,TOONBRANDS SOLTUIONS PVT LTD,10974.00
11-10-2025,HADRIANA PRIVATE LIMITED,5681.00
11-10-2025,ALPHA MEDICARE AND DEVICES PVT.LTD.,50838.00
13-10-2025,KAVYA DISTRIBUTORS,2205.00
13-10-2025,CURE LIFESCIENCES,3164.00
13-10-2025,KAVYA DISTRIBUTORS,7812.00
13-10-2025,BHAVANI MEDICAL AGENCY(P),18375.00
13-10-2025,UMA AGENCY(P),9240.00
13-10-2025,PROMEA THERAPEUTICS PRIVATE LIMITED,232848.00
13-10-2025,PROMEA THERAPEUTICS PRIVATE LIMITED,386782.00
14-10-2025,PM NETWORK,21420.00
14-10-2025,PRANAV ENTERPRISE,1995.00
14-10-2025,FUSION DISTRIBUTORS(P),27577.00
14-10-2025,PRANAV SURGICALS,21057.00
14-10-2025,PROMEA THERAPEUTICS PRIVATE LIMITED,36036.00
14-10-2025,PROMEA THERAPEUTICS PRIVATE LIMITED,312506.00
15-10-2025,VASURA MEDICAL AGENCIES,3360.00
15-10-2025,FUSION DISTRIBUTORS(P),4857.00
15-10-2025,TOONBRANDS SOLTUIONS PVT LTD,35400.00
17-10-2025,MVA HEALTHCARE,32550.00
17-10-2025,HADRIANA PRIVATE LIMITED,2611.00
17-10-2025,MANWARD HEALTHCARE PRODUCTS,29138.00
18-10-2025,VASURA MEDICAL AGENCIES,2678.00
18-10-2025,HADRIANA PRIVATE LIMITED,3926.00
28-10-2025,CLADVIQ PHARMACEUTICALS PRIVATE LIMITED,15120.00
28-10-2025,TOUCH SAFE SURGICAL,630.00
28-10-2025,KAPOOR MEDICAL SOLUTION,33810.00
28-10-2025,TOONBRANDS SOLTUIONS PVT LTD,46256.00
28-10-2025,MVA HEALTHCARE,32550.00
29-10-2025,RIBBEL INERNATIONAL LTD.,59535.00
29-10-2025,PROMEA THERAPEUTICS PRIVATE LIMITED,15422.00
29-10-2025,PROMEA THERAPEUTICS PRIVATE LIMITED,21115.00
29-10-2025,PROMEA THERAPEUTICS PRIVATE LIMITED,95233.00
29-10-2025,PROMEA THERAPEUTICS PRIVATE LIMITED,123281.00
29-10-2025,PROMEA THERAPEUTICS PRIVATE LIMITED,42790.00
29-10-2025,PROMEA THERAPEUTICS PRIVATE LIMITED,22554.00
30-10-2025,FUSION DISTRIBUTORS(P),7203.00
31-10-2025,FUSION DISTRIBUTORS(P),4856.00
31-10-2025,PRANAV SURGICALS,3676.00
31-10-2025,HANSCURE LIFESCIENCE PVT LTD(P),1024.00
01-11-2025,CLADVIQ PHARMACEUTICALS PRIVATE LIMITED,37800.00
03-11-2025,KAVYA DISTRIBUTORS,3906.00
03-11-2025,CURE LIFESCIENCES,5274.00
03-11-2025,TOUCH SAFE SURGICAL,198.00
03-11-2025,HADRIANA PRIVATE LIMITED,5292.00
03-11-2025,PROMEA THERAPEUTICS PRIVATE LIMITED,41317.00
03-11-2025,PROMEA THERAPEUTICS PRIVATE LIMITED,154876.00
03-11-2025,PROMEA THERAPEUTICS PRIVATE LIMITED,207218.00
03-11-2025,PROMEA THERAPEUTICS PRIVATE LIMITED,71618.00
04-11-2025,MVA HEALTHCARE,65100.00
05-11-2025,UMA AGENCY(P),4857.00
06-11-2025,PM NETWORK,25200.00
06-11-2025,TOUCH SAFE SURGICAL,2132.00
06-11-2025,NITYAM SURGICAL AND CO (P),14705.00
07-11-2025,TOONBRANDS SOLTUIONS PVT LTD,35990.00
07-11-2025,TOONBRANDS SOLTUIONS PVT LTD,42480.00
10-11-2025,CLADVIQ PHARMACEUTICALS PRIVATE LIMITED,22680.00
11-11-2025,REVIVE ENTERPRISE,10130.00
11-11-2025,OTSUKA PHARMACEUTICAL INDIA PVT LTD,151200.00
12-11-2025,TOUCH SAFE SURGICAL,11550.00
12-11-2025,PUROLIFE PHARMACEUTICALS,63189.00
13-11-2025,ORTHO SYSTEMS(P),4620.00
13-11-2025,MVA HEALTHCARE,162750.00
14-11-2025,JIYA SURGI-CHEM PVT LTD,52500.00
14-11-2025,TOONBRANDS SOLTUIONS PVT LTD,95816.00
14-11-2025,TOONBRANDS SOLTUIONS PVT LTD,56640.00
14-11-2025,FUSION DISTRIBUTORS(P),7203.00
14-11-2025,HADRIANA PRIVATE LIMITED,3174.00
14-11-2025,JAISONMED PRIVATE LIMITED,48535.00
15-11-2025,UMA AGENCY(P),5359.00
15-11-2025,ALPHA MEDICARE AND DEVICES PVT.LTD.,69977.00
15-11-2025,YOGI HEALTHCARE,15120.00
17-11-2025,REVIVE ENTERPRISE,7938.00
17-11-2025,UMA AGENCY(P),4759.00
17-11-2025,PROMEA THERAPEUTICS PRIVATE LIMITED,190331.00
17-11-2025,PROMEA THERAPEUTICS PRIVATE LIMITED,333726.00
17-11-2025,PROMEA THERAPEUTICS PRIVATE LIMITED,35078.00
18-11-2025,MVA HEALTHCARE,74865.00
18-11-2025,PM NETWORK,17850.00
19-11-2025,A-ONE MEDICARE AGENCIES,5838.00
19-11-2025,TOUCH SAFE SURGICAL,1651.00
19-11-2025,CURE LIFESCIENCES,5274.00
19-11-2025,KAVYA DISTRIBUTORS,7270.00
19-11-2025,SOLLAR BIO LFE,4935.00
19-11-2025,KAVYA DISTRIBUTORS,28780.00
19-11-2025,ALPHA MEDICARE AND DEVICES PVT.LTD.,60894.00
20-11-2025,FUSION DISTRIBUTORS(P),4857.00
20-11-2025,PRANAV SURGICALS,8299.00
20-11-2025,VAHANVATI SURGICAL AGENCY(P),577.00
20-11-2025,G.M. ENTERPRISE,6306.00
21-11-2025,MVA HEALTHCARE,91140.00
21-11-2025,YOGI HEALTHCARE,15120.00
21-11-2025,TOONBRANDS SOLTUIONS PVT LTD,3540.00
21-11-2025,PROMEA THERAPEUTICS PRIVATE LIMITED,115703.00
21-11-2025,PROMEA THERAPEUTICS PRIVATE LIMITED,398383.00
24-11-2025,PROMEA THERAPEUTICS PRIVATE LIMITED,110650.00
24-11-2025,PROMEA THERAPEUTICS PRIVATE LIMITED,31684.00
24-11-2025,PROMEA THERAPEUTICS PRIVATE LIMITED,421328.00
25-11-2025,ALPHA MEDICARE AND DEVICES PVT.LTD.,58822.00
25-11-2025,ALPHA MEDICARE AND DEVICES PVT.LTD.,76489.00
26-11-2025,MAHALAXMI SURGICALS (P),249228.00
26-11-2025,BHAVANI MEDICAL AGENCY(P),2415.00
28-11-2025,HANUMANT CLINIC (P),6308.00
29-11-2025,HADRIANA PRIVATE LIMITED,1964.00
29-11-2025,BHAVANI MEDICAL AGENCY(P),9597.00
29-11-2025,ALPHA MEDICARE AND DEVICES PVT.LTD.,19029.00
29-11-2025,OTSUKA PHARMACEUTICAL INDIA PVT LTD,907200.00
29-11-2025,KRISHNA SURGICAL (VADODARA),9492.00
29-11-2025,SWAMI ORTHO AIDS,392350.00
01-12-2025,REVIVE ENTERPRISE,52063.00
09-12-2025,KRISHNA SURGICAL (VADODARA),14238.00
03-12-2025,PRANAV SURGICALS,8772.00
04-12-2025,FUSION DISTRIBUTORS(P),7203.00
04-12-2025,PRANAV SURGICALS,8379.00
04-12-2025,YOGI HEALTHCARE,3728.00
05-12-2025,JAISONMED PRIVATE LIMITED,150998.00
05-12-2025,HADRIANA PRIVATE LIMITED,2197.00
05-12-2025,CURE LIFESCIENCES,2109.00
05-12-2025,GURUDEV ENTERPRISE (P),2740.00
05-12-2025,MVA HEALTHCARE,162750.00
06-12-2025,DZIRE SURGICAL INDIA PVT LTD,14448.00
08-12-2025,BHAVANI MEDICAL AGENCY(P),4032.00
08-12-2025,YOGI HEALTHCARE,22365.00
10-12-2025,MVA HEALTHCARE,32550.00
11-12-2025,MULTI HEALTH CARE,15750.00
11-12-2025,JIYA SURGI-CHEM PVT LTD,52500.00
11-12-2025,BHAVANI MEDICAL AGENCY(P),16376.00
13-12-2025,YOGI HEALTHCARE,22365.00
13-12-2025,STOE LIFE PRIVATE LIMITED,110565.00
13-12-2025,PM NETWORK,14280.00
16-12-2025,HYPOCARE MEDICAL DEVICES,44625.00
16-12-2025,HANUMANT CLINIC (P),949.00
17-12-2025,CURE LIFESCIENCES,527.00
18-12-2025,STOE LIFE PRIVATE LIMITED,231840.00
18-12-2025,ALPHA MEDICARE AND DEVICES PVT.LTD.,39698.00
19-12-2025,PM NETWORK,25200.00
19-12-2025,PROMEA THERAPEUTICS PRIVATE LIMITED,388287.00
19-12-2025,PROMEA THERAPEUTICS PRIVATE LIMITED,29212.00
20-12-2025,MVA HEALTHCARE,91140.00
20-12-2025,TOONBRANDS SOLTUIONS PVT LTD,106200.00
20-12-2025,KRISHNA SURGICAL (VADODARA),19933.00
22-12-2025,PRANAV SURGICALS,1613.00
22-12-2025,FUSION DISTRIBUTORS(P),6714.00
22-12-2025,NITYAM SURGICAL AND CO (P),3265.00
24-12-2025,HADRIANA PRIVATE LIMITED,1449.00
25-12-2025,PROMEA THERAPEUTICS PRIVATE LIMITED,141281.00
25-12-2025,PROMEA THERAPEUTICS PRIVATE LIMITED,236045.00
25-12-2025,PROMEA THERAPEUTICS PRIVATE LIMITED,105021.00
25-12-2025,PROMEA THERAPEUTICS PRIVATE LIMITED,81530.00
26-12-2025,PRANAV SURGICALS,5866.00
26-12-2025,HANUMANT CLINIC (P),2362.00
27-12-2025,YOGI HEALTHCARE,37275.00
29-12-2025,PROMEA THERAPEUTICS PRIVATE LIMITED,656250.00
29-12-2025,KAVYA DISTRIBUTORS,2415.00
29-12-2025,PRANAV SURGICALS,10979.00
29-12-2025,NITYAM SURGICAL AND CO (P),3268.00
30-12-2025,ASTRID HEALTHCARE LLP,3938.00
30-12-2025,PROMEA THERAPEUTICS PRIVATE LIMITED,256696.00
30-12-2025,PROMEA THERAPEUTICS PRIVATE LIMITED,49245.00
31-12-2025,UMA AGENCY(P),4857.00
01-01-2026,HANUMANT CLINIC (P),1622.00
01-01-2026,FUSION DISTRIBUTORS(P),33180.00
01-01-2026,ORTHO SYSTEMS(P),1444.00
02-01-2026,KAVYA DISTRIBUTORS,2362.00
03-01-2026,YOGI HEALTHCARE,22365.00
03-01-2026,KAPOOR MEDICAL SOLUTION,24675.00
